run,seed,mean_best,median_best,mean_survivors,food_total,predation_total,nonextinct_generations,final_size_mean,final_size_min,final_size_max,first_size_boundary,final_speed_mean,final_speed_min,final_speed_max,first_speed_boundary,final_vision_mean,final_vision_min,final_vision_max,first_vision_boundary
baseline,42,173.92748,169.9997,46.46666666666667,25235.0,105.0,30,26.9389,24.4965,28.4694,none,66.4171,57.0963,74.3516,none,87.3614,80.0332,91.4236,none
baseline,43,174.16692333333333,169.9997,45.93333333333333,24429.0,119.0,30,28.6513,27.8583,30.0,10,61.111,56.2631,65.6311,none,106.3688,98.606,115.9437,2
baseline,44,163.83359,162.4997,45.06666666666667,23733.0,147.0,30,26.6173,25.0073,28.3617,none,52.1343,42.5628,60.8952,none,107.0534,99.7422,113.1564,none
baseline,45,194.16692333333333,194.9997,44.93333333333333,29290.0,152.0,30,29.2737,27.6555,29.7856,5,73.0766,63.3139,82.5597,none,93.6858,88.1274,102.2157,none
baseline,46,173.66692333333333,169.9997,46.5,26996.0,105.0,30,28.3175,26.2963,29.4739,2,72.2877,63.6661,80.2842,none,100.0149,93.1119,111.6522,none
baseline,47,182.83359,182.4997,46.166666666666664,26111.0,114.0,30,29.278,27.8406,30.0,2,75.3096,65.8462,84.6925,none,96.6912,86.0152,101.7326,none
baseline,48,179.33359,174.9997,43.833333333333336,24691.0,185.0,30,29.0682,27.893,30.0,5,58.7263,49.401,67.1908,none,110.2141,97.5576,116.7305,none
baseline,49,189.50025666666664,189.9997,46.96666666666667,28877.0,91.0,30,28.4864,26.0272,30.0,3,79.9093,70.6224,88.4973,none,117.2307,107.7994,127.6697,none
baseline,50,159.00025666666664,154.9997,45.733333333333334,21779.0,128.0,30,28.939,27.8298,30.0,5,54.3592,46.4187,64.6559,none,89.7816,81.3887,95.8007,none
baseline,51,164.9858133333333,162.4997,45.86666666666667,24585.0,123.0,30,26.8286,25.9937,27.8171,none,59.5607,48.7086,71.4575,none,98.1992,88.8269,108.4766,none
movement,42,179.00025666666664,174.9997,46.833333333333336,27333.0,92.0,30,27.0273,26.2419,28.1652,none,76.2261,65.2726,83.8972,none,85.7884,81.7593,94.509,none
movement,43,190.66692333333333,189.9997,46.63333333333333,30572.0,101.0,30,29.5599,28.5412,30.0,5,74.9865,65.3939,83.8634,none,109.7216,101.0732,118.3135,none
movement,44,194.83359,194.9997,45.46666666666667,31436.0,135.0,30,28.9596,27.196,30.0,21,72.7438,57.2082,82.2834,none,109.9075,100.0457,114.273,none
movement,45,208.83359,209.9997,45.13333333333333,32392.0,146.0,30,29.3062,27.1572,30.0,3,76.0585,68.9062,79.9428,none,89.0917,79.2455,96.8818,none
movement,46,233.16692333333333,227.4997,45.5,37842.0,135.0,30,28.6436,26.7583,29.6845,3,96.4951,88.5627,102.0,15,121.0072,112.7046,129.7288,none
movement,47,208.83359,204.9997,45.833333333333336,33195.0,124.0,30,28.8952,27.1909,30.0,3,85.421,78.6077,92.2574,4,100.7546,90.7492,111.5868,none
movement,48,190.50025666666664,184.9997,44.333333333333336,28094.0,168.0,30,28.8914,27.9959,30.0,5,67.9165,62.3858,75.6124,none,118.5897,110.7215,127.4626,none
movement,49,194.83359,189.9997,45.7,30387.0,129.0,30,28.4328,26.5875,30.0,3,77.3017,68.9521,82.3176,none,112.7336,100.4578,120.2671,2
movement,50,166.49415333333332,167.4997,46.56666666666667,25512.0,100.0,30,28.9544,27.8695,30.0,15,70.069,62.0064,79.9812,none,98.8386,93.9197,106.6319,none
movement,51,186.03637333333333,184.9997,45.7,28664.0,129.0,30,28.7745,27.8189,30.0,3,63.948,55.3844,69.54,2,106.9938,95.5342,121.1799,none
body,42,194.89859666666666,194.9997,46.266666666666666,31255.0,110.0,30,29.0246,27.8283,29.8089,13,58.9431,51.4975,63.4947,none,102.2485,93.1828,107.4666,none
body,43,196.66692333333333,194.9997,45.63333333333333,32018.0,129.0,30,29.5235,27.9643,30.0,2,59.3569,49.5384,69.6971,none,101.8271,90.7004,111.6164,none
body,44,211.66692333333333,209.9997,46.03333333333333,34877.0,119.0,30,28.5467,25.9568,30.0,27,71.6652,62.846,83.5581,none,112.1835,101.4557,123.973,none
body,45,222.97859,214.9997,46.166666666666664,35152.0,115.0,30,28.9134,26.9651,30.0,2,70.5382,64.7118,77.4372,2,88.1669,77.2771,96.5291,none
body,46,236.00025666666667,237.4997,45.5,38721.0,135.0,30,28.7049,26.9097,29.9956,3,85.9258,78.7571,93.6697,none,116.0206,109.6562,120.8007,none
body,47,227.00025666666667,227.4997,45.3,36413.0,139.0,30,29.0847,27.5141,29.6392,3,89.1695,76.2882,99.7734,none,100.7092,91.6765,109.0628,none
body,48,187.48247999999998,184.9997,46.03333333333333,30657.0,116.0,30,29.2959,27.854,30.0,2,46.1669,37.835,54.634,none,102.5105,93.443,112.7561,none
body,49,210.66692333333333,209.9997,45.1,33241.0,146.0,30,29.1058,27.0943,30.0,4,72.2249,64.4589,77.2665,none,111.9966,101.9717,120.3931,none
body,50,184.79081333333332,179.9997,41.833333333333336,23543.0,241.0,30,29.4309,28.5923,30.0,7,41.8797,32.9214,53.8791,none,84.2441,74.0285,92.5078,none
body,51,190.35915333333332,189.9997,46.06666666666667,31806.0,115.0,30,29.0425,27.3275,30.0,2,61.3499,53.3741,65.7507,none,98.0931,93.5761,104.9465,none
sensing,42,187.83359,187.4997,46.6,29547.0,100.0,30,27.7712,25.8708,30.0,3,74.3463,68.4899,82.1736,none,85.1734,80.5069,90.6265,none
sensing,43,193.83970333333332,189.9997,45.03333333333333,29049.0,146.0,30,29.4288,28.2816,30.0,3,74.4092,64.0322,86.0404,none,109.2218,101.2126,117.3679,none
sensing,44,209.47248,209.9997,45.86666666666667,34152.0,124.0,30,28.1317,26.1754,29.8646,29,79.6566,73.6448,86.9887,none,110.5256,108.3661,115.165,none
sensing,45,188.40025666666665,184.9997,45.96666666666667,28923.0,117.0,30,28.9481,27.5427,30.0,3,63.3182,54.4848,73.4766,none,98.15,90.1885,106.3461,none
sensing,46,228.83359,224.9997,45.166666666666664,36284.0,145.0,30,29.2563,28.368,30.0,5,83.2573,75.3593,92.3041,none,124.3706,115.7567,133.7345,none
sensing,47,177.33359,174.9997,46.06666666666667,27058.0,116.0,30,28.166,26.359,29.5038,4,55.0871,50.3058,62.0972,none,92.5543,83.1069,100.2736,none
sensing,48,192.16692333333333,189.9997,44.9,29760.0,152.0,30,28.6368,27.508,30.0,4,70.1764,62.8457,78.0741,2,102.8271,95.2308,108.4022,none
sensing,49,214.16692333333333,214.9997,46.233333333333334,36380.0,113.0,30,28.2459,25.8531,30.0,4,87.2622,80.2546,97.6799,none,128.2673,123.33,136.4918,2
sensing,50,179.16692333333333,179.9997,44.0,26763.0,178.0,30,28.6908,26.8647,30.0,7,58.5039,53.8597,66.5763,none,119.69,110.6642,127.1984,none
sensing,51,197.66692333333333,197.4997,45.8,31375.0,126.0,30,29.0014,27.0008,30.0,15,70.4294,58.8993,81.3462,none,99.5287,87.3314,105.7387,none
costs,42,201.50025666666664,199.9997,46.6,34803.0,94.0,30,27.1472,26.4048,28.2172,none,64.0947,60.2179,71.8024,none,94.6255,87.4426,102.858,none
costs,43,241.33359,239.9997,46.36666666666667,41768.0,107.0,30,29.4597,28.0791,30.0,4,70.7741,61.3618,77.9843,none,106.3296,98.0266,113.1636,none
costs,44,235.1197,234.9997,46.0,40515.0,119.0,30,27.9321,25.4414,30.0,25,68.6362,59.9843,74.0089,none,102.3802,94.8596,108.9819,none
costs,45,242.33359,239.9997,45.53333333333333,42527.0,128.0,30,29.7263,29.2104,30.0,4,75.8852,70.0617,79.7296,none,88.7944,81.1719,99.0565,none
costs,46,291.16692333333333,289.9997,44.833333333333336,52372.0,155.0,30,29.4186,27.6998,30.0,2,93.7878,83.913,102.0,21,125.4879,115.5368,134.4099,2
costs,47,276.66692333333333,274.9997,46.266666666666666,52099.0,110.0,30,29.2821,27.6254,30.0,6,97.6893,90.0964,102.0,6,115.4032,111.4622,126.5338,none
costs,48,231.45636666666667,229.9997,45.733333333333334,40041.0,128.0,30,28.8665,26.8467,30.0,12,67.8665,61.1557,84.3023,none,106.8503,96.7199,114.6166,none
costs,49,276.83359,282.4997,45.56666666666667,50509.0,133.0,30,29.3295,27.3903,30.0,8,88.66,83.5986,97.5606,none,134.3869,129.4106,140.4978,2
costs,50,216.33359,214.9997,45.56666666666667,36475.0,127.0,30,28.8673,27.8374,30.0,6,67.6675,58.4244,77.032,none,95.7816,91.1836,103.1248,none
costs,51,256.24081333333334,254.9997,44.9,46447.0,153.0,30,29.0487,27.4556,30.0,3,87.4939,79.5998,97.4841,29,126.584,118.212,133.1227,none
ratio,42,173.58025666666666,174.9997,47.7,27269.0,47.0,30,28.5222,27.5234,30.0,16,67.4671,61.7526,79.2608,none,91.1653,89.7282,100.3585,none
ratio,43,181.66692333333333,184.9997,47.3,28986.0,54.0,30,28.0622,27.0043,30.0,4,74.382,65.4675,85.6159,none,103.0635,94.7093,113.8324,none
ratio,44,176.66692333333333,177.4997,47.8,27059.0,58.0,30,27.5855,26.3302,29.608,none,70.9847,66.3685,81.6127,none,99.7416,89.8419,106.5577,none
ratio,45,187.16692333333333,189.9997,47.36666666666667,29029.0,52.0,30,27.9398,26.3783,30.0,5,79.867,71.1969,91.231,none,95.4789,84.838,102.3572,none
ratio,46,159.33359,159.9997,47.7,23777.0,31.0,30,26.7746,25.1917,27.9941,none,61.1029,56.5499,70.7192,none,96.6748,87.3058,105.0449,none
ratio,47,172.66692333333333,174.9997,47.733333333333334,25609.0,53.0,30,27.8584,26.1341,29.1885,26,67.3897,60.2796,77.8742,none,100.3313,93.9805,112.6695,none
ratio,48,173.50025666666664,174.9997,48.266666666666666,26698.0,36.0,30,29.3705,28.5536,30.0,2,62.177,53.5325,65.4451,none,99.247,90.1424,112.0847,none
ratio,49,175.66692333333333,177.4997,47.8,26790.0,52.0,30,28.2412,27.2491,30.0,5,69.2007,61.8612,77.0334,none,111.7312,105.4613,119.0772,none
ratio,50,160.00025666666664,162.4997,48.03333333333333,24009.0,41.0,30,27.6172,26.1082,29.2887,none,59.023,52.2183,67.6247,none,92.221,83.4188,106.9352,none
ratio,51,168.00025666666664,174.9997,47.5,26834.0,52.0,30,25.9968,24.7745,26.7201,none,76.5224,65.6446,81.5741,none,100.3968,91.0817,108.8122,none
tradeoff,42,124.71248,119.9997,31.8,12610.0,48.0,30,24.8613,23.252,26.986,none,64.4405,56.263,75.962,none,99.5817,92.4115,106.9625,none
tradeoff,43,130.00025666666667,129.9997,32.93333333333333,13298.0,51.0,30,28.4998,26.9341,30.0,2,51.202,39.3687,57.9454,none,93.6674,83.425,103.508,none
tradeoff,44,124.00025666666667,124.9997,31.166666666666668,11952.0,51.0,30,25.3787,24.184,26.6549,2,52.6067,44.8543,62.8977,none,104.2022,95.0367,112.0074,none
tradeoff,45,129.96248,129.9997,33.5,13459.0,49.0,30,28.1868,25.8952,29.7823,2,50.1508,41.2496,56.9037,none,99.6593,93.6133,106.4469,none
tradeoff,46,128.16692333333333,124.9997,34.233333333333334,13857.0,34.0,30,28.8856,26.9307,30.0,5,58.22,49.4798,62.393,none,95.9514,87.3604,106.6269,none
tradeoff,47,132.83359,129.9997,33.333333333333336,14425.0,48.0,30,28.278,27.2981,30.0,7,71.9468,62.3435,80.5285,none,112.1035,103.5269,122.9663,none
tradeoff,48,119.16692333333333,117.4997,31.033333333333335,11794.0,45.0,30,24.8407,22.778,26.8788,none,53.5981,41.2893,61.4005,none,99.3462,92.9189,105.9809,none
tradeoff,49,137.66692333333333,137.4997,33.56666666666667,13728.0,52.0,30,26.084,23.4341,28.3417,2,71.7514,65.0302,84.6239,none,100.9503,96.8713,109.9258,none
tradeoff,50,127.00025666666667,124.9997,32.4,13250.0,38.0,30,27.7067,26.9562,29.4089,2,56.176,48.2829,66.0315,none,102.1575,96.0766,109.877,3
tradeoff,51,126.83359,127.49969999999999,31.266666666666666,13139.0,68.0,30,26.9402,25.6906,28.3188,3,67.1441,60.2603,75.5605,none,89.0607,82.6189,99.7746,none
